system:index,BUI,Class,NDBI,NDVI,SR_B1,SR_B2,SR_B3,SR_B4,SR_B5,SR_B7,.geo
1_1_1_0_0,-0.39346096,0,-0.17377236,-0.13333099,0.019504999999999995,0.027315000000000006,0.04986499999999999,0.04032250000000001,0.030835,0.015655000000000002,"{""type"":""MultiPoint"",""coordinates"":[]}"
1_1_1_1_0,-0.37463436,0,-0.21608172,-0.06738978,0.015490000000000004,0.027315000000000006,0.04934250000000001,0.039855,0.034822500000000006,0.01604,"{""type"":""MultiPoint"",""coordinates"":[]}"
1_1_1_2_0,-0.37710547,0,-0.15102409,-0.13731444,0.017249999999999988,0.028414999999999996,0.05212,0.042137499999999994,0.031962500000000005,0.019614999999999994,"{""type"":""MultiPoint"",""coordinates"":[]}"
1_1_1_3_0,-0.41066873,0,-0.22693059,-0.082902096,0.02187,0.028277499999999983,0.04978250000000001,0.03897500000000001,0.033007499999999995,0.01865249999999999,"{""type"":""MultiPoint"",""coordinates"":[]}"
1_1_1_4_0,-0.37558043,0,-0.16013777,-0.11485634,0.023629999999999984,0.030725000000000002,0.050360000000000016,0.03977249999999999,0.03157750000000001,0.01859749999999999,"{""type"":""MultiPoint"",""coordinates"":[]}"
1_1_1_5_0,-0.3778626,0,-0.19144106,-0.11200927,0.021842499999999987,0.0321275,0.0532475,0.04436499999999999,0.0354275,0.019037499999999985,"{""type"":""MultiPoint"",""coordinates"":[]}"
1_1_1_6_0,-0.3918928,0,-0.16778645,-0.16586141,0.022694999999999993,0.0327325,0.05245,0.044942499999999996,0.03215499999999999,0.017194999999999988,"{""type"":""MultiPoint"",""coordinates"":[]}"
1_1_1_7_0,-0.3945043,0,-0.14619368,-0.15894017,0.021732499999999988,0.029569999999999985,0.05030499999999999,0.040404999999999996,0.0293225,0.018130000000000007,"{""type"":""MultiPoint"",""coordinates"":[]}"
1_1_1_8_0,-0.36727646,0,-0.23678729,-0.059382703,0.033310000000000006,0.04122999999999999,0.05343999999999999,0.04513500000000001,0.040075,0.0175525,"{""type"":""MultiPoint"",""coordinates"":[]}"
1_1_1_9_0,-0.3727132,0,-0.19650151,-0.12043187,0.03135750000000001,0.038012500000000005,0.05327500000000002,0.04618,0.03625249999999999,0.01843249999999999,"{""type"":""MultiPoint"",""coordinates"":[]}"
1_1_1_10_0,-0.37165794,0,-0.1348104,-0.15574943,0.027012499999999995,0.031247499999999984,0.049122499999999986,0.040404999999999996,0.029514999999999986,0.018707499999999988,"{""type"":""MultiPoint"",""coordinates"":[]}"
1_1_1_11_0,-0.3672896,0,-0.20536703,-0.11616572,0.025747500000000006,0.035729999999999984,0.052312499999999984,0.04637250000000001,0.03672,0.019972500000000004,"{""type"":""MultiPoint"",""coordinates"":[]}"
1_1_1_12_0,-0.28878936,0,-0.1334142,-0.09458641,0.024290000000000006,0.034272499999999984,0.05179,0.04519000000000001,0.03738,0.021952499999999986,"{""type"":""MultiPoint"",""coordinates"":[]}"
1_1_1_13_0,-0.09238098,0,-0.39470398,0.38158733,0.014967499999999995,0.02682000000000001,0.049589999999999995,0.042495000000000005,0.09493750000000001,0.0324025,"{""type"":""MultiPoint"",""coordinates"":[]}"
1_1_1_14_0,-0.2246827,0,-0.4246542,0.31013173,0.014637499999999998,0.025582500000000008,0.04631750000000001,0.0382325,0.07260749999999999,0.02140249999999999,"{""type"":""MultiPoint"",""coordinates"":[]}"
1_1_1_15_0,-0.2017396,0,-0.4675272,0.38658,0.01593,0.024895,0.0445575,0.036087499999999995,0.08157249999999999,0.017992499999999995,"{""type"":""MultiPoint"",""coordinates"":[]}"
1_1_1_16_0,-0.25711152,0,-0.13782267,-0.025116723,0.0202475,0.029624999999999985,0.04585,0.037599999999999995,0.0357575,0.021815,"{""type"":""MultiPoint"",""coordinates"":[]}"
1_1_1_17_0,-0.24022456,0,-0.25797045,0.091004044,0.01852875000000001,0.027122499999999994,0.047774999999999984,0.04133999999999999,0.04961750000000001,0.024070000000000008,"{""type"":""MultiPoint"",""coordinates"":[]}"
1_1_1_18_0,-0.31929338,0,-0.15150468,-0.059358798,0.01785500000000001,0.026641250000000005,0.047609999999999986,0.037544999999999995,0.03333749999999999,0.021100000000000008,"{""type"":""MultiPoint"",""coordinates"":[]}"
1_1_1_19_0,-0.17263316,0,-0.31506646,0.22036009,0.015435000000000004,0.02781,0.04884749999999999,0.04227500000000001,0.06617250000000002,0.023684999999999984,"{""type"":""MultiPoint"",""coordinates"":[]}"
1_1_1_20_0,-0.1117338,0,-0.37655953,0.36639825,0.014389999999999986,0.02453749999999999,0.047609999999999986,0.038947499999999996,0.08399250000000003,0.022997500000000004,"{""type"":""MultiPoint"",""coordinates"":[]}"
1_1_1_21_0,-0.29308307,0,-0.17761576,-0.008484926,0.013991249999999983,0.02610499999999999,0.04926,0.039222499999999993,0.0385625,0.023629999999999984,"{""type"":""MultiPoint"",""coordinates"":[]}"
1_1_1_22_0,-0.2813318,0,-0.19847271,-0.013556816,0.01582,0.025554999999999994,0.047719999999999985,0.04111999999999999,0.04002,0.018295000000000006,"{""type"":""MultiPoint"",""coordinates"":[]}"
1_1_1_23_0,-0.21608129,0,-0.20706347,0.055012207,0.020343749999999994,0.02886875,0.051460000000000006,0.04523125,0.05049749999999997,0.02453749999999999,"{""type"":""MultiPoint"",""coordinates"":[]}"
1_1_1_24_0,-0.32473755,0,-0.15103197,-0.06822989,0.02140249999999999,0.03069749999999999,0.04700499999999999,0.037242499999999984,0.032484999999999986,0.0204125,"{""type"":""MultiPoint"",""coordinates"":[]}"
1_1_1_25_0,-0.34037292,0,-0.15492958,-0.10181116,0.024345000000000006,0.032539999999999986,0.05014000000000002,0.0413675,0.03372249999999999,0.01879,"{""type"":""MultiPoint"",""coordinates"":[]}"
1_1_1_26_0,-0.34513518,0,-0.107407756,-0.13961631,0.02495,0.03292500000000001,0.04882,0.039057499999999995,0.0294875,0.017524999999999985,"{""type"":""MultiPoint"",""coordinates"":[]}"
1_1_1_27_0,-0.39984182,0,-0.2454168,-0.07194639,0.024317499999999992,0.0327325,0.0508825,0.0415875,0.03600500000000001,0.01650750000000001,"{""type"":""MultiPoint"",""coordinates"":[]}"
1_1_1_28_0,-0.405571,0,-0.21327367,-0.12172739,0.024716249999999995,0.030835,0.049892500000000006,0.041559999999999986,0.032539999999999986,0.015765,"{""type"":""MultiPoint"",""coordinates"":[]}"
1_1_1_29_0,-0.38373023,0,-0.20511015,-0.08511321,0.023244999999999988,0.03047749999999999,0.04749999999999999,0.03803999999999999,0.032072500000000004,0.01582,"{""type"":""MultiPoint"",""coordinates"":[]}"
1_1_1_30_0,-0.38373023,0,-0.20511015,-0.08511321,0.023244999999999988,0.03047749999999999,0.04749999999999999,0.03803999999999999,0.032072500000000004,0.01582,"{""type"":""MultiPoint"",""coordinates"":[]}"
1_1_1_31_0,-0.39535537,0,-0.22568163,-0.10417626,0.0232725,0.031247499999999984,0.049644999999999995,0.041972499999999996,0.034052499999999986,0.016424999999999995,"{""type"":""MultiPoint"",""coordinates"":[]}"
1_1_1_32_0,-0.39931506,0,-0.21433371,-0.1265264,0.021842499999999987,0.029239999999999988,0.05107499999999998,0.043704999999999994,0.03388749999999999,0.01708499999999999,"{""type"":""MultiPoint"",""coordinates"":[]}"
1_1_1_33_0,-0.38459477,0,-0.19396438,-0.11892277,0.023093749999999996,0.031852500000000006,0.051680000000000004,0.04321,0.034025,0.017607499999999998,"{""type"":""MultiPoint"",""coordinates"":[]}"
1_1_1_34_0,-0.33604464,0,-0.13429523,-0.12914221,0.02615999999999999,0.03528999999999999,0.05297249999999998,0.0447225,0.03449250000000001,0.01983499999999999,"{""type"":""MultiPoint"",""coordinates"":[]}"
1_1_1_35_0,0.07795411,0,-0.003046328,0.03720068,0.037215,0.05247750000000001,0.08083000000000001,0.08825499999999997,0.09507500000000002,0.07412000000000002,"{""type"":""MultiPoint"",""coordinates"":[]}"
1_1_1_36_0,-0.37388322,0,-0.17014769,-0.12127576,0.020797499999999997,0.028799999999999992,0.052092499999999986,0.042715,0.033475000000000005,0.01843249999999999,"{""type"":""MultiPoint"",""coordinates"":[]}"
1_1_1_37_0,-0.38234118,0,-0.17429233,-0.13333115,0.021746249999999995,0.02974874999999999,0.0519,0.043127499999999985,0.03298000000000001,0.017882499999999996,"{""type"":""MultiPoint"",""coordinates"":[]}"
1_1_1_38_0,-0.39075214,0,-0.17083052,-0.14313951,0.021278749999999985,0.030615000000000003,0.052559999999999996,0.043375,0.0325125,0.017827499999999996,"{""type"":""MultiPoint"",""coordinates"":[]}"
1_1_1_39_0,-0.40172908,0,-0.20780012,-0.13121888,0.021320000000000006,0.030917499999999987,0.053302499999999975,0.045162499999999994,0.034684999999999994,0.018185000000000007,"{""type"":""MultiPoint"",""coordinates"":[]}"
1_1_1_40_0,-0.39553583,0,-0.17761344,-0.15243134,0.021265000000000006,0.031,0.054237499999999994,0.04574,0.03364,0.018350000000000005,"{""type"":""MultiPoint"",""coordinates"":[]}"
1_1_1_41_0,-0.3622419,0,-0.16972035,-0.12670986,0.022557500000000008,0.033420000000000005,0.05517250000000001,0.04694999999999999,0.036390000000000006,0.019229999999999997,"{""type"":""MultiPoint"",""coordinates"":[]}"
1_1_1_42_0,-0.36710653,0,-0.1790616,-0.12987663,0.022887500000000005,0.03479499999999999,0.05555749999999998,0.047967499999999996,0.03694,0.01931250000000001,"{""type"":""MultiPoint"",""coordinates"":[]}"
1_1_1_43_0,-0.38383934,0,-0.16867678,-0.15947956,0.024812499999999987,0.03533125000000001,0.05418250000000002,0.04678499999999999,0.033915,0.019752500000000006,"{""type"":""MultiPoint"",""coordinates"":[]}"
1_1_1_44_0,-0.38012213,0,-0.18668704,-0.12785651,0.023836250000000003,0.034052499999999986,0.054815,0.046454999999999996,0.035922499999999996,0.020549999999999985,"{""type"":""MultiPoint"",""coordinates"":[]}"
1_1_1_45_0,-0.37853003,0,-0.18703364,-0.12699793,0.025252499999999983,0.03495999999999999,0.05528250000000001,0.046977500000000005,0.036390000000000006,0.020659999999999984,"{""type"":""MultiPoint"",""coordinates"":[]}"
1_1_1_46_0,-0.32799906,0,-0.13604315,-0.12330152,0.0265725,0.036390000000000006,0.05539250000000001,0.04722499999999999,0.03685749999999999,0.021017499999999995,"{""type"":""MultiPoint"",""coordinates"":[]}"
1_1_1_47_0,-0.32151285,0,-0.16197026,-0.0956633,0.027892499999999987,0.037242499999999984,0.054595000000000005,0.047087500000000004,0.03886500000000001,0.021595000000000003,"{""type"":""MultiPoint"",""coordinates"":[]}"
1_1_1_48_0,-0.29754612,0,-0.11219402,-0.1182654,0.030298749999999985,0.03971749999999999,0.05426500000000001,0.046674999999999994,0.03680249999999999,0.02209,"{""type"":""MultiPoint"",""coordinates"":[]}"
1_1_1_49_0,-0.30554646,0,-0.17280754,-0.06615841,0.030395000000000005,0.04081750000000001,0.054815,0.0471975,0.04133999999999999,0.02176,"{""type"":""MultiPoint"",""coordinates"":[]}"
1_1_1_50_0,-0.30554646,0,-0.17280754,-0.06615841,0.030395000000000005,0.04081750000000001,0.054815,0.0471975,0.04133999999999999,0.02176,"{""type"":""MultiPoint"",""coordinates"":[]}"
1_1_1_51_0,-0.3161876,0,-0.16398476,-0.091182165,0.03047749999999999,0.038589999999999985,0.05437500000000001,0.04722499999999999,0.03933249999999999,0.020852499999999996,"{""type"":""MultiPoint"",""coordinates"":[]}"
1_1_1_52_0,-0.29913053,0,-0.18368226,-0.07443911,0.0295425,0.038067500000000004,0.052669999999999995,0.04783000000000001,0.0412025,0.021815,"{""type"":""MultiPoint"",""coordinates"":[]}"
1_1_1_53_0,-0.29131678,0,-0.1670282,-0.056278322,0.02833250000000001,0.03672,0.05247750000000001,0.045162499999999994,0.04035,0.022144999999999998,"{""type"":""MultiPoint"",""coordinates"":[]}"
1_1_1_54_0,-0.24641842,0,-0.13451497,-0.053286325,0.027865,0.035564999999999986,0.052092499999999986,0.04593249999999999,0.04128499999999999,0.024895,"{""type"":""MultiPoint"",""coordinates"":[]}"
1_1_1_55_0,-0.28305596,0,-0.13666618,-0.09811055,0.026902499999999996,0.036197499999999994,0.05223,0.04678499999999999,0.03842499999999999,0.023739999999999983,"{""type"":""MultiPoint"",""coordinates"":[]}"
1_1_1_56_0,-0.35488322,0,-0.21654038,-0.1017459,0.02844250000000001,0.03669249999999999,0.054017499999999996,0.048985,0.03993749999999999,0.019202499999999983,"{""type"":""MultiPoint"",""coordinates"":[]}"
1_1_1_57_0,-0.2905313,0,-0.14335747,-0.08750806,0.030147499999999994,0.03836999999999999,0.05784,0.050580000000000014,0.042440000000000005,0.024565000000000003,"{""type"":""MultiPoint"",""coordinates"":[]}"
1_1_1_58_0,-0.30239132,0,-0.18255873,-0.06138327,0.028662500000000007,0.03680249999999999,0.056437499999999974,0.04945250000000001,0.04373250000000001,0.024510000000000004,"{""type"":""MultiPoint"",""coordinates"":[]}"
1_1_1_59_0,-0.303247,0,-0.17749183,-0.088945664,0.0293775,0.03836999999999999,0.0564925,0.051680000000000004,0.043237499999999984,0.024675000000000002,"{""type"":""MultiPoint"",""coordinates"":[]}"
1_1_1_60_0,-0.33206183,0,-0.20323226,-0.073125035,0.013454999999999995,0.025829999999999992,0.050634999999999986,0.0443925,0.0383425,0.01983499999999999,"{""type"":""MultiPoint"",""coordinates"":[]}"
1_1_1_61_0,-0.3508059,0,-0.23136416,-0.06805311,0.041614999999999985,0.0506625,0.06358750000000002,0.05610749999999998,0.04895749999999999,0.023822499999999996,"{""type"":""MultiPoint"",""coordinates"":[]}"
1_1_1_62_0,-0.36265698,0,-0.36454904,0.0713196,0.038479999999999986,0.046867500000000006,0.06292750000000003,0.05478749999999999,0.0632025,0.023354999999999987,"{""type"":""MultiPoint"",""coordinates"":[]}"
1_1_1_63_0,-0.36108497,0,-0.4224524,0.13034315,0.031055,0.041724999999999984,0.061470000000000025,0.05467749999999999,0.0710675,0.021182499999999993,"{""type"":""MultiPoint"",""coordinates"":[]}"
1_1_1_64_0,-0.3139011,0,-0.21301644,-0.07070757,0.035784999999999983,0.04279749999999999,0.05904999999999999,0.054759999999999975,0.0475275,0.023629999999999984,"{""type"":""MultiPoint"",""coordinates"":[]}"
1_1_2_0_0,0.4218395,0,-0.34201753,0.72975755,0.040514999999999995,0.04587749999999999,0.079565,0.062350000000000017,0.3990875,0.10346250000000001,"{""type"":""MultiPoint"",""coordinates"":[]}"
1_1_2_1_0,0.3922484,0,-0.33988327,0.69707656,0.04002,0.046454999999999996,0.07893250000000002,0.06551249999999997,0.3670225,0.10205999999999998,"{""type"":""MultiPoint"",""coordinates"":[]}"
1_1_2_2_0,0.3977376,0,-0.3314412,0.6926082,0.03881000000000001,0.046042499999999986,0.08132499999999998,0.0682625,0.37587750000000003,0.10483749999999997,"{""type"":""MultiPoint"",""coordinates"":[]}"
1_1_2_3_0,0.39391106,0,-0.2988796,0.6755826,0.03787499999999999,0.04486000000000001,0.08105000000000001,0.06685999999999998,0.34532500000000005,0.10189500000000001,"{""type"":""MultiPoint"",""coordinates"":[]}"
1_1_2_4_0,0.38984078,0,-0.31716228,0.6920546,0.035509999999999986,0.042082499999999995,0.07549499999999998,0.06036999999999998,0.3317125,0.09383750000000002,"{""type"":""MultiPoint"",""coordinates"":[]}"
1_1_2_5_0,0.37891656,0,-0.32932404,0.6904445,0.03394249999999999,0.04183500000000001,0.07478000000000001,0.06025999999999998,0.32907250000000005,0.09174749999999998,"{""type"":""MultiPoint"",""coordinates"":[]}"
1_1_2_6_0,0.37470612,0,-0.3325489,0.6868304,0.0343,0.04224749999999999,0.07546750000000002,0.06149749999999998,0.33124499999999996,0.09216000000000002,"{""type"":""MultiPoint"",""coordinates"":[]}"
1_1_2_7_0,0.3732274,0,-0.34495878,0.6881825,0.034217499999999984,0.041614999999999985,0.07513750000000002,0.0624325,0.33801,0.0930125,"{""type"":""MultiPoint"",""coordinates"":[]}"
1_1_2_8_0,0.3751051,0,-0.32875255,0.6746966,0.03495999999999999,0.042385000000000006,0.07524750000000002,0.06367,0.32778,0.09400249999999999,"{""type"":""MultiPoint"",""coordinates"":[]}"
1_1_2_9_0,0.4149064,0,-0.31889215,0.70589536,0.040927500000000006,0.046262499999999984,0.07835500000000001,0.06325750000000002,0.36691250000000003,0.10673500000000002,"{""type"":""MultiPoint"",""coordinates"":[]}"
1_1_2_10_0,0.36981156,0,-0.32540968,0.69235814,0.034629999999999994,0.04362250000000001,0.07549499999999998,0.058609999999999995,0.32241749999999997,0.08883249999999998,"{""type"":""MultiPoint"",""coordinates"":[]}"
1_1_2_11_0,0.38457358,0,-0.32871667,0.68828326,0.03495999999999999,0.045685,0.073625,0.060535000000000005,0.3278625,0.0872925,"{""type"":""MultiPoint"",""coordinates"":[]}"
1_1_2_12_0,0.36663267,0,-0.33310205,0.68934846,0.03501499999999999,0.04571249999999999,0.07684249999999998,0.06094749999999999,0.3314375,0.0872925,"{""type"":""MultiPoint"",""coordinates"":[]}"
1_1_2_13_0,0.36607513,0,-0.3463864,0.6902845,0.03792999999999999,0.04689499999999999,0.07662249999999998,0.0623225,0.34012749999999997,0.08644000000000002,"{""type"":""MultiPoint"",""coordinates"":[]}"
1_1_2_14_0,0.38287607,0,-0.3128835,0.69985896,0.036610000000000004,0.04436499999999999,0.0805825,0.060919999999999974,0.34502249999999995,0.09785250000000001,"{""type"":""MultiPoint"",""coordinates"":[]}"
1_1_2_15_0,0.38347748,0,-0.32129073,0.6790921,0.04059750000000001,0.0475825,0.08179249999999999,0.06829000000000002,0.357315,0.10005249999999999,"{""type"":""MultiPoint"",""coordinates"":[]}"
1_1_2_16_0,0.36625317,0,-0.34062985,0.6743953,0.0416975,0.0476925,0.08289249999999998,0.07065500000000002,0.36333750000000004,0.09848499999999999,"{""type"":""MultiPoint"",""coordinates"":[]}"
1_1_2_17_0,0.40299293,0,-0.29760796,0.6804938,0.04081750000000001,0.0478575,0.08223249999999999,0.06787749999999998,0.3570125,0.11044749999999998,"{""type"":""MultiPoint"",""coordinates"":[]}"
1_1_2_18_0,0.3891305,0,-0.32160857,0.6876045,0.04024,0.046235,0.0814625,0.066805,0.36089,0.10588249999999999,"{""type"":""MultiPoint"",""coordinates"":[]}"
1_1_2_19_0,0.39245334,0,-0.3280779,0.6932394,0.036197499999999994,0.04299,0.07684249999999998,0.06306499999999998,0.34810250000000004,0.09702749999999999,"{""type"":""MultiPoint"",""coordinates"":[]}"
1_1_2_20_0,0.40052372,0,-0.2973543,0.6969727,0.03735250000000001,0.04425499999999999,0.07840999999999998,0.06039749999999999,0.33823,0.09933750000000002,"{""type"":""MultiPoint"",""coordinates"":[]}"
1_1_2_21_0,0.40825087,0,-0.3259237,0.7184451,0.037654999999999994,0.043539999999999995,0.0778875,0.0597375,0.3646025,0.10019,"{""type"":""MultiPoint"",""coordinates"":[]}"
1_1_2_22_0,0.4061444,0,-0.32216874,0.7201516,0.03781999999999999,0.045465000000000005,0.07997749999999998,0.06009500000000001,0.36938750000000004,0.10178500000000001,"{""type"":""MultiPoint"",""coordinates"":[]}"
1_1_2_23_0,0.39770153,0,-0.33322662,0.712054,0.03735250000000001,0.0445025,0.08077499999999999,0.06303750000000002,0.374805,0.10074,"{""type"":""MultiPoint"",""coordinates"":[]}"
1_1_2_24_0,0.4111892,0,-0.33399922,0.72170705,0.0383425,0.0446125,0.07928999999999997,0.061524999999999996,0.380635,0.10145500000000002,"{""type"":""MultiPoint"",""coordinates"":[]}"
1_1_2_25_0,0.40271282,0,-0.32421198,0.71124744,0.03903000000000001,0.04598749999999999,0.0804725,0.062487499999999974,0.37032250000000005,0.10450749999999998,"{""type"":""MultiPoint"",""coordinates"":[]}"
1_1_2_26_0,0.40957054,0,-0.33365652,0.722204,0.03787499999999999,0.04447499999999999,0.0770075,0.059352499999999975,0.3679575,0.10329749999999999,"{""type"":""MultiPoint"",""coordinates"":[]}"
1_1_2_27_0,0.39931965,0,-0.34134093,0.72483826,0.03735250000000001,0.04367750000000001,0.07791500000000001,0.058967500000000006,0.369635,0.10194999999999999,"{""type"":""MultiPoint"",""coordinates"":[]}"
1_1_2_28_0,0.4076826,0,-0.31209242,0.70559067,0.037077499999999985,0.0446125,0.07673249999999998,0.06003999999999998,0.3478275,0.09900750000000003,"{""type"":""MultiPoint"",""coordinates"":[]}"
1_1_2_29_0,0.41968483,0,-0.25311264,0.6670666,0.04117499999999999,0.04694999999999999,0.07871250000000002,0.06452249999999998,0.32307749999999996,0.10296749999999999,"{""type"":""MultiPoint"",""coordinates"":[]}"
1_1_2_30_0,0.35068467,0,-0.29758966,0.6489031,0.035509999999999986,0.043072499999999986,0.07640249999999998,0.06251499999999999,0.2935975,0.09276499999999999,"{""type"":""MultiPoint"",""coordinates"":[]}"
1_1_2_31_0,0.38770136,0,-0.27322304,0.6485415,0.036032499999999995,0.044062500000000004,0.07791500000000001,0.06595250000000002,0.309355,0.1012075,"{""type"":""MultiPoint"",""coordinates"":[]}"
1_1_2_32_0,0.42160416,0,-0.31012088,0.72325265,0.03991,0.046235,0.08017000000000002,0.06009500000000001,0.37420000000000003,0.109925,"{""type"":""MultiPoint"",""coordinates"":[]}"
1_1_2_33_0,0.39972314,0,-0.2840483,0.6893841,0.04222000000000001,0.04915,0.08401999999999998,0.06460500000000002,0.35137500000000005,0.11231750000000001,"{""type"":""MultiPoint"",""coordinates"":[]}"
1_1_2_34_0,0.4117898,0,-0.32951364,0.6953064,0.03927749999999999,0.044007500000000005,0.07928999999999997,0.06782250000000001,0.3773625,0.103105,"{""type"":""MultiPoint"",""coordinates"":[]}"
1_1_2_35_0,0.39283475,0,-0.34194157,0.7055189,0.041037500000000005,0.04827000000000001,0.07995000000000002,0.06457750000000001,0.3740075,0.10263749999999999,"{""type"":""MultiPoint"",""coordinates"":[]}"
1_1_2_36_0,0.38968414,0,-0.30957833,0.6926721,0.038947499999999996,0.043265,0.07632,0.0598475,0.3296225,0.097715,"{""type"":""MultiPoint"",""coordinates"":[]}"
1_1_2_37_0,0.39965641,0,-0.26888177,0.6789849,0.0385625,0.0445575,0.08212249999999999,0.06353249999999999,0.33229000000000003,0.10406749999999998,"{""type"":""MultiPoint"",""coordinates"":[]}"
1_1_2_38_0,0.40230697,0,-0.2714359,0.6865187,0.037077499999999985,0.04436499999999999,0.08044499999999999,0.06122250000000001,0.32937500000000003,0.09972249999999999,"{""type"":""MultiPoint"",""coordinates"":[]}"
1_1_2_39_0,0.40566188,0,-0.2736515,0.69408405,0.037434999999999996,0.043017499999999986,0.07906999999999997,0.05921500000000002,0.32791750000000003,0.1010975,"{""type"":""MultiPoint"",""coordinates"":[]}"
1_1_2_40_0,0.40005824,0,-0.27203807,0.6620622,0.04095499999999999,0.04744499999999999,0.08239750000000001,0.06831749999999998,0.33600250000000004,0.11157499999999998,"{""type"":""MultiPoint"",""coordinates"":[]}"
1_1_2_41_0,0.40825087,0,-0.3259237,0.7184451,0.037654999999999994,0.043539999999999995,0.0778875,0.0597375,0.3646025,0.10019,"{""type"":""MultiPoint"",""coordinates"":[]}"
1_1_2_42_0,0.4061444,0,-0.32216874,0.7201516,0.03781999999999999,0.045465000000000005,0.07997749999999998,0.06009500000000001,0.36938750000000004,0.10178500000000001,"{""type"":""MultiPoint"",""coordinates"":[]}"
1_1_2_43_0,0.39931965,0,-0.34134093,0.72483826,0.03735250000000001,0.04367750000000001,0.07791500000000001,0.058967500000000006,0.369635,0.10194999999999999,"{""type"":""MultiPoint"",""coordinates"":[]}"
1_1_2_44_0,0.39931965,0,-0.34134093,0.72483826,0.03735250000000001,0.04367750000000001,0.07791500000000001,0.058967500000000006,0.369635,0.10194999999999999,"{""type"":""MultiPoint"",""coordinates"":[]}"
1_1_2_45_0,0.39931965,0,-0.34134093,0.72483826,0.03735250000000001,0.04367750000000001,0.07791500000000001,0.058967500000000006,0.369635,0.10194999999999999,"{""type"":""MultiPoint"",""coordinates"":[]}"
1_1_2_46_0,0.39931965,0,-0.34134093,0.72483826,0.03735250000000001,0.04367750000000001,0.07791500000000001,0.058967500000000006,0.369635,0.10194999999999999,"{""type"":""MultiPoint"",""coordinates"":[]}"
1_1_2_47_0,0.39931965,0,-0.34134093,0.72483826,0.03735250000000001,0.04367750000000001,0.07791500000000001,0.058967500000000006,0.369635,0.10194999999999999,"{""type"":""MultiPoint"",""coordinates"":[]}"
1_1_2_48_0,0.39931965,0,-0.34134093,0.72483826,0.03735250000000001,0.04367750000000001,0.07791500000000001,0.058967500000000006,0.369635,0.10194999999999999,"{""type"":""MultiPoint"",""coordinates"":[]}"
1_1_2_49_0,0.40957054,0,-0.33365652,0.722204,0.03787499999999999,0.04447499999999999,0.0770075,0.059352499999999975,0.3679575,0.10329749999999999,"{""type"":""MultiPoint"",""coordinates"":[]}"
1_1_2_50_0,0.40957054,0,-0.33365652,0.722204,0.03787499999999999,0.04447499999999999,0.0770075,0.059352499999999975,0.3679575,0.10329749999999999,"{""type"":""MultiPoint"",""coordinates"":[]}"
1_1_2_51_0,0.40957054,0,-0.33365652,0.722204,0.03787499999999999,0.04447499999999999,0.0770075,0.059352499999999975,0.3679575,0.10329749999999999,"{""type"":""MultiPoint"",""coordinates"":[]}"
1_1_2_52_0,0.40957054,0,-0.33365652,0.722204,0.03787499999999999,0.04447499999999999,0.0770075,0.059352499999999975,0.3679575,0.10329749999999999,"{""type"":""MultiPoint"",""coordinates"":[]}"
1_1_2_53_0,0.40957054,0,-0.33365652,0.722204,0.03787499999999999,0.04447499999999999,0.0770075,0.059352499999999975,0.3679575,0.10329749999999999,"{""type"":""MultiPoint"",""coordinates"":[]}"
1_1_2_54_0,0.40957054,0,-0.33365652,0.722204,0.03787499999999999,0.04447499999999999,0.0770075,0.059352499999999975,0.3679575,0.10329749999999999,"{""type"":""MultiPoint"",""coordinates"":[]}"
1_1_2_55_0,0.40957054,0,-0.33365652,0.722204,0.03787499999999999,0.04447499999999999,0.0770075,0.059352499999999975,0.3679575,0.10329749999999999,"{""type"":""MultiPoint"",""coordinates"":[]}"
1_1_2_56_0,0.4076826,0,-0.31209242,0.70559067,0.037077499999999985,0.0446125,0.07673249999999998,0.06003999999999998,0.3478275,0.09900750000000003,"{""type"":""MultiPoint"",""coordinates"":[]}"
1_1_2_57_0,0.4076826,0,-0.31209242,0.70559067,0.037077499999999985,0.0446125,0.07673249999999998,0.06003999999999998,0.3478275,0.09900750000000003,"{""type"":""MultiPoint"",""coordinates"":[]}"
1_1_2_58_0,0.4076826,0,-0.31209242,0.70559067,0.037077499999999985,0.0446125,0.07673249999999998,0.06003999999999998,0.3478275,0.09900750000000003,"{""type"":""MultiPoint"",""coordinates"":[]}"
1_1_2_59_0,0.4076826,0,-0.31209242,0.70559067,0.037077499999999985,0.0446125,0.07673249999999998,0.06003999999999998,0.3478275,0.09900750000000003,"{""type"":""MultiPoint"",""coordinates"":[]}"
1_1_2_60_0,0.4076826,0,-0.31209242,0.70559067,0.037077499999999985,0.0446125,0.07673249999999998,0.06003999999999998,0.3478275,0.09900750000000003,"{""type"":""MultiPoint"",""coordinates"":[]}"
1_1_2_61_0,0.4076826,0,-0.31209242,0.70559067,0.037077499999999985,0.0446125,0.07673249999999998,0.06003999999999998,0.3478275,0.09900750000000003,"{""type"":""MultiPoint"",""coordinates"":[]}"
1_1_2_62_0,0.4076826,0,-0.31209242,0.70559067,0.037077499999999985,0.0446125,0.07673249999999998,0.06003999999999998,0.3478275,0.09900750000000003,"{""type"":""MultiPoint"",""coordinates"":[]}"
1_1_2_63_0,0.4076826,0,-0.31209242,0.70559067,0.037077499999999985,0.0446125,0.07673249999999998,0.06003999999999998,0.3478275,0.09900750000000003,"{""type"":""MultiPoint"",""coordinates"":[]}"
1_1_2_64_0,0.4076826,0,-0.31209242,0.70559067,0.037077499999999985,0.0446125,0.07673249999999998,0.06003999999999998,0.3478275,0.09900750000000003,"{""type"":""MultiPoint"",""coordinates"":[]}"
1_2_0_0,0.25269783,0,0.06581016,0.07693594,0.15063875,0.18127375,0.26847625,0.33810625,0.3944675,0.39857875000000004,"{""type"":""MultiPoint"",""coordinates"":[]}"
1_2_1_0,0.2555749,0,0.059132237,0.08433183,0.19512000000000002,0.241265,0.38738625,0.49013999999999996,0.5804225000000001,0.5190287499999999,"{""type"":""MultiPoint"",""coordinates"":[]}"
1_2_2_0,0.2510647,0,0.06259315,0.075599805,0.16964125000000002,0.20357625000000001,0.29610000000000003,0.37501124999999996,0.43634999999999996,0.42178875,"{""type"":""MultiPoint"",""coordinates"":[]}"
1_2_3_0,0.26060978,0,0.08125813,0.073787235,0.14458875,0.17589749999999998,0.25739375000000003,0.32163375,0.37288000000000004,0.38697375000000006,"{""type"":""MultiPoint"",""coordinates"":[]}"
1_2_4_0,0.24128434,0,0.059545234,0.073665395,0.15833875000000003,0.19430875000000003,0.283395,0.35506,0.41153124999999996,0.39841374999999996,"{""type"":""MultiPoint"",""coordinates"":[]}"
1_2_5_0,0.2515,0,0.058275003,0.07878479,0.12447249999999999,0.15301750000000003,0.23663125000000002,0.30065125,0.35207625000000004,0.34228624999999996,"{""type"":""MultiPoint"",""coordinates"":[]}"
1_2_6_0,0.2652223,0,0.077606894,0.07384194,0.1564275,0.18924875000000002,0.2782525,0.35371250000000004,0.41011500000000006,0.41428125,"{""type"":""MultiPoint"",""coordinates"":[]}"
1_2_7_0,0.26163787,0,0.086548336,0.07100381,0.14299374999999998,0.17599375,0.26039125,0.3244525,0.37404875,0.39708000000000004,"{""type"":""MultiPoint"",""coordinates"":[]}"
1_2_8_0,0.26501235,0,0.086683325,0.072067566,0.14562000000000003,0.17812499999999998,0.261945,0.32797250000000006,0.37891625,0.40710375000000004,"{""type"":""MultiPoint"",""coordinates"":[]}"
1_2_9_0,0.26846313,0,0.078838006,0.07969809,0.16034625000000002,0.1931675,0.28642,0.36145374999999996,0.42405750000000003,0.41928625,"{""type"":""MultiPoint"",""coordinates"":[]}"
1_2_10_0,0.22819981,0,0.04274159,0.07720008,0.19377250000000001,0.23162624999999998,0.35603625,0.44557625000000006,0.52012875,0.44142375000000006,"{""type"":""MultiPoint"",""coordinates"":[]}"
1_2_11_0,0.25318235,0,0.036002196,0.09629957,0.1840925,0.22202875,0.32586875,0.41942375000000004,0.5088125000000001,0.42445625000000003,"{""type"":""MultiPoint"",""coordinates"":[]}"
1_2_12_0,0.30826512,0,0.09810026,0.09244255,0.145235,0.1772725,0.2622475,0.3384225,0.40736500000000003,0.4381375,"{""type"":""MultiPoint"",""coordinates"":[]}"
1_2_13_0,0.26673067,0,0.07106562,0.08313684,0.17757499999999998,0.20841625000000003,0.30793875,0.39054875000000006,0.46137500000000004,0.45429375,"{""type"":""MultiPoint"",""coordinates"":[]}"
1_2_14_0,0.27934036,0,0.05694809,0.09760867,0.17475625,0.2130225,0.32316000000000006,0.42082625,0.511865,0.44961875,"{""type"":""MultiPoint"",""coordinates"":[]}"
1_2_15_0,0.2905198,0,0.08395932,0.08707441,0.17038375,0.20646375,0.30810374999999995,0.39774000000000004,0.47361250000000005,0.47369500000000003,"{""type"":""MultiPoint"",""coordinates"":[]}"
1_2_16_0,0.23366432,0,0.047529463,0.070815876,0.1806275,0.218385,0.33075000000000004,0.42009749999999996,0.48413125000000007,0.42976375000000006,"{""type"":""MultiPoint"",""coordinates"":[]}"
1_2_17_0,0.24343711,0,0.062413998,0.064374305,0.16066249999999999,0.19311250000000002,0.29742,0.37920499999999996,0.43138625,0.43190875,"{""type"":""MultiPoint"",""coordinates"":[]}"
1_2_18_0,0.25023395,0,0.055455107,0.07473655,0.15743125000000002,0.1910775,0.29143875,0.37442000000000003,0.43490625,0.42353500000000005,"{""type"":""MultiPoint"",""coordinates"":[]}"
1_2_19_0,0.2850018,0,0.08946249,0.0748415,0.16460875000000003,0.19751249999999998,0.306715,0.39654375000000003,0.46070125,0.46683375,"{""type"":""MultiPoint"",""coordinates"":[]}"
1_2_20_0,0.25726628,0,0.080618024,0.0729973,0.16613499999999998,0.19738875,0.2933775,0.36502874999999996,0.42251750000000005,0.4374225,"{""type"":""MultiPoint"",""coordinates"":[]}"
1_2_21_0,0.27070603,0,0.06933774,0.08287756,0.17329875,0.20728875000000002,0.32592375,0.41858500000000004,0.49423750000000005,0.45536625000000003,"{""type"":""MultiPoint"",""coordinates"":[]}"
1_2_22_0,0.25993544,0,0.069262594,0.07652534,0.16641,0.20188499999999998,0.2966225,0.37707375000000004,0.43956750000000006,0.4457825,"{""type"":""MultiPoint"",""coordinates"":[]}"
1_2_23_0,0.27100182,0,0.08375546,0.0739924,0.14427250000000003,0.18037999999999998,0.27073125,0.34407375,0.39906,0.4121225,"{""type"":""MultiPoint"",""coordinates"":[]}"
1_2_24_0,0.2442722,0,0.05156415,0.07920711,0.16723500000000002,0.1985575,0.2868875,0.36348874999999997,0.42602375,0.40394125,"{""type"":""MultiPoint"",""coordinates"":[]}"
1_2_25_0,0.26921424,0,0.07401036,0.08146954,0.14654125,0.17928,0.26487375,0.33686875,0.39662625,0.40124624999999997,"{""type"":""MultiPoint"",""coordinates"":[]}"
1_2_26_0,0.280384,0,0.09317852,0.08045798,0.1257375,0.16229875,0.2465175,0.3096575,0.36384625,0.38474625,"{""type"":""MultiPoint"",""coordinates"":[]}"
1_2_27_0,0.25464004,0,0.06956208,0.076493785,0.13764500000000002,0.16964125000000002,0.25094500000000003,0.31524,0.36746249999999997,0.37707375000000004,"{""type"":""MultiPoint"",""coordinates"":[]}"
1_2_28_0,0.26772735,0,0.07116833,0.081478305,0.165035,0.20009749999999998,0.30017,0.38271125,0.45060875000000006,0.43206000000000006,"{""type"":""MultiPoint"",""coordinates"":[]}"
1_2_29_0,0.2847318,0,0.07426509,0.093816,0.18314375,0.22035125,0.32832999999999996,0.42101875000000005,0.50819375,0.46085250000000005,"{""type"":""MultiPoint"",""coordinates"":[]}"
1_2_30_0,0.2879305,0,0.054689754,0.09057356,0.17235,0.20826499999999998,0.32465875000000005,0.43889375,0.52631625,0.49634125,"{""type"":""MultiPoint"",""coordinates"":[]}"
1_2_31_0,0.2544249,0,0.06899388,0.074156284,0.13,0.15354,0.2220975,0.2805075,0.3254425,0.32718875,"{""type"":""MultiPoint"",""coordinates"":[]}"
1_2_32_0,0.2979135,0,0.09595017,0.08651475,0.14683000000000002,0.17849625000000002,0.2637875,0.3382025,0.40226375,0.43012125000000007,"{""type"":""MultiPoint"",""coordinates"":[]}"
1_2_33_0,0.2540365,0,0.05252451,0.08322273,0.16443000000000002,0.19624750000000002,0.2858425,0.36610125,0.43256875,0.40189250000000004,"{""type"":""MultiPoint"",""coordinates"":[]}"
1_2_34_0,0.25716895,0,0.06475888,0.078654446,0.17148375,0.20075749999999998,0.29187875,0.37061125,0.43388875,0.4240025,"{""type"":""MultiPoint"",""coordinates"":[]}"
1_2_35_0,0.29903573,0,0.097508885,0.08818806,0.15694999999999998,0.18886375,0.27900875,0.35627000000000003,0.425185,0.4486425,"{""type"":""MultiPoint"",""coordinates"":[]}"
1_2_36_0,0.24738385,0,0.047892626,0.076785445,0.16005750000000002,0.19650875,0.29424375,0.37990625000000006,0.44310125000000006,0.41633000000000003,"{""type"":""MultiPoint"",""coordinates"":[]}"
1_2_37_0,0.2758407,0,0.062226534,0.09268125,0.16936625,0.20500625,0.3193375,0.41243875,0.49669875,0.45462375000000005,"{""type"":""MultiPoint"",""coordinates"":[]}"
1_2_38_0,0.25709933,0,0.06952534,0.069530055,0.170205,0.2036175,0.30106375,0.385585,0.44321125,0.44805124999999996,"{""type"":""MultiPoint"",""coordinates"":[]}"
1_2_39_0,0.23778482,0,0.056995984,0.06512432,0.16711125,0.20183,0.31789375000000003,0.40424374999999996,0.46056375,0.444985,"{""type"":""MultiPoint"",""coordinates"":[]}"
1_2_40_0,0.2811843,0,0.11000208,0.067593984,0.10380624999999999,0.1297525,0.20636749999999998,0.2575725,0.2949175,0.32982875000000006,"{""type"":""MultiPoint"",""coordinates"":[]}"
1_2_41_0,0.25641283,0,0.069918446,0.07169758,0.16689125,0.2060925,0.30888750000000004,0.39299625,0.45370250000000006,0.44803750000000003,"{""type"":""MultiPoint"",""coordinates"":[]}"
1_2_42_0,0.26363263,0,0.07275706,0.07707612,0.1655025,0.20162375,0.3033875,0.38559875000000005,0.45000375,0.45657624999999996,"{""type"":""MultiPoint"",""coordinates"":[]}"
1_2_43_0,0.2640137,0,0.042249683,0.090374984,0.16355000000000003,0.19620625000000003,0.295165,0.38860999999999996,0.46583,0.42614749999999996,"{""type"":""MultiPoint"",""coordinates"":[]}"
1_2_44_0,0.28502646,0,0.06566903,0.093899764,0.14733875000000002,0.17904625000000002,0.26561625,0.34670000000000006,0.41855749999999997,0.39640625,"{""type"":""MultiPoint"",""coordinates"":[]}"
1_2_45_0,0.26415607,0,0.0774509,0.078280464,0.15563,0.1880525,0.27328875,0.34363375,0.4020025,0.40975750000000005,"{""type"":""MultiPoint"",""coordinates"":[]}"
1_2_46_0,0.27516818,0,0.08074886,0.07693512,0.16210625,0.19236999999999999,0.2814975,0.36104125000000004,0.421225,0.39764375,"{""type"":""MultiPoint"",""coordinates"":[]}"
1_2_47_0,0.29838026,0,0.066519395,0.10026009,0.15882000000000002,0.192865,0.292525,0.38745500000000005,0.473805,0.44526000000000004,"{""type"":""MultiPoint"",""coordinates"":[]}"
1_2_48_0,0.28549716,0,0.075536944,0.08731594,0.15376,0.18105375,0.27531,0.35737,0.42574875000000006,0.40061375000000005,"{""type"":""MultiPoint"",""coordinates"":[]}"
1_2_49_0,0.2794481,0,0.070405215,0.07182477,0.1685275,0.200565,0.30144875,0.40255250000000004,0.46485375,0.42566624999999997,"{""type"":""MultiPoint"",""coordinates"":[]}"
1_2_50_0,0.24765348,0,0.06397607,0.06793738,0.15034999999999998,0.186925,0.28274875,0.36002375000000003,0.41250749999999997,0.4147625,"{""type"":""MultiPoint"",""coordinates"":[]}"
1_2_51_0,0.25928017,0,0.06880956,0.071248226,0.15679875,0.19245250000000003,0.291645,0.37451625000000005,0.43197749999999996,0.43177125,"{""type"":""MultiPoint"",""coordinates"":[]}"
1_2_52_0,0.25631872,0,0.05246452,0.0883463,0.17794625000000003,0.2164875,0.3307225,0.42133499999999996,0.50299625,0.457305,"{""type"":""MultiPoint"",""coordinates"":[]}"
1_2_53_0,0.26420793,0,0.07327992,0.07705996,0.16166625,0.1964125,0.2942575,0.37407625000000005,0.4365425,0.44736375,"{""type"":""MultiPoint"",""coordinates"":[]}"
1_2_54_0,0.2624604,0,0.0811591,0.07362183,0.15245375,0.18337750000000003,0.295935,0.37146375000000004,0.43050625000000003,0.42407125000000007,"{""type"":""MultiPoint"",""coordinates"":[]}"
1_2_55_0,0.24803081,0,0.061005965,0.077162415,0.17002625,0.20636749999999998,0.32232125000000006,0.40560500000000005,0.47343375000000004,0.4349475,"{""type"":""MultiPoint"",""coordinates"":[]}"
1_2_56_0,0.26839918,0,0.09101167,0.06838363,0.1355,0.1604425,0.27185875,0.34242374999999997,0.39269375,0.39015000000000005,"{""type"":""MultiPoint"",""coordinates"":[]}"
1_2_57_0,0.2619778,0,0.0805037,0.0753476,0.1455375,0.17448124999999998,0.28455,0.35603625,0.41406125,0.38293125,"{""type"":""MultiPoint"",""coordinates"":[]}"
1_2_58_0,0.2428896,0,0.05018821,0.07899887,0.20411250000000003,0.2420075,0.35158125,0.44556250000000003,0.5219987500000001,0.49410000000000004,"{""type"":""MultiPoint"",""coordinates"":[]}"
1_2_59_0,0.25520828,0,0.062784165,0.075000316,0.16016750000000002,0.19276875,0.28312,0.36205875000000004,0.42077125,0.40600375000000005,"{""type"":""MultiPoint"",""coordinates"":[]}"
1_2_60_0,0.28914422,0,0.0783286,0.08744265,0.16465000000000002,0.19906625,0.30447375000000004,0.39604875,0.47194875,0.45531125,"{""type"":""MultiPoint"",""coordinates"":[]}"
1_2_61_0,0.25818276,0,0.062079594,0.07477037,0.17364249999999998,0.2099975,0.32454875,0.418475,0.48611125000000005,0.46761749999999996,"{""type"":""MultiPoint"",""coordinates"":[]}"
1_2_62_0,0.25818276,0,0.062079594,0.07477037,0.17364249999999998,0.2099975,0.32454875,0.418475,0.48611125000000005,0.46761749999999996,"{""type"":""MultiPoint"",""coordinates"":[]}"
1_2_63_0,0.27008748,0,0.072653875,0.08009229,0.1433375,0.1745775,0.26704625,0.34214875000000006,0.40172749999999996,0.41192999999999996,"{""type"":""MultiPoint"",""coordinates"":[]}"
1_2_64_0,0.27994156,0,0.0822445,0.07707512,0.1663,0.2021325,0.310455,0.40099875,0.467975,0.46419375,"{""type"":""MultiPoint"",""coordinates"":[]}"
2_0_0,0.23270124,1,0.040565036,0.10368927,0.0770075,0.09455249999999998,0.1295325,0.15582249999999997,0.19187500000000002,0.18810749999999998,"{""type"":""MultiPoint"",""coordinates"":[]}"
2_1_0,0.23152323,1,0.051158912,0.105616584,0.0747525,0.09529500000000002,0.1297525,0.151835,0.187695,0.1875575,"{""type"":""MultiPoint"",""coordinates"":[]}"
2_2_0,0.2580688,1,0.065765284,0.10567842,0.07406499999999999,0.09152749999999998,0.1256275,0.1510375,0.18673250000000002,0.18697999999999998,"{""type"":""MultiPoint"",""coordinates"":[]}"
2_3_0,0.22995016,1,0.05711333,0.09347542,0.07893250000000002,0.09650500000000001,0.1328875,0.15694999999999998,0.18931750000000003,0.19193,"{""type"":""MultiPoint"",""coordinates"":[]}"
2_4_0,0.25651512,1,0.059191205,0.112371586,0.07953749999999998,0.09600999999999998,0.128845,0.15433750000000002,0.193415,0.19479000000000002,"{""type"":""MultiPoint"",""coordinates"":[]}"
2_5_0,0.23452613,1,0.05090068,0.09048494,0.0830575,0.10057500000000003,0.13800250000000003,0.1676475,0.201005,0.2042775,"{""type"":""MultiPoint"",""coordinates"":[]}"
2_6_0,0.2660911,1,0.00974845,0.17743373,0.07632,0.09436,0.12879000000000002,0.15222000000000002,0.21789000000000003,0.19501000000000002,"{""type"":""MultiPoint"",""coordinates"":[]}"
2_7_0,0.2383107,1,0.053124446,0.09619023,0.10307749999999999,0.12224499999999999,0.16498000000000002,0.19883250000000002,0.241155,0.248305,"{""type"":""MultiPoint"",""coordinates"":[]}"
2_8_0,0.25793996,1,0.05778028,0.1266957,0.08253500000000003,0.10082249999999998,0.13572,0.15884749999999997,0.2049375,0.20053749999999998,"{""type"":""MultiPoint"",""coordinates"":[]}"
2_9_0,0.2635688,1,0.013834282,0.17367959,0.072525,0.08817249999999999,0.12097999999999998,0.14215499999999998,0.2019125,0.1744675,"{""type"":""MultiPoint"",""coordinates"":[]}"
2_10_0,0.2647159,1,0.08352045,0.0970729,0.07197500000000001,0.08567000000000002,0.12133749999999999,0.14528999999999997,0.17653000000000002,0.19088500000000003,"{""type"":""MultiPoint"",""coordinates"":[]}"
2_11_0,0.23320967,1,0.029163687,0.10792009,0.079785,0.09724749999999999,0.13305250000000002,0.16253250000000002,0.20185750000000002,0.18951,"{""type"":""MultiPoint"",""coordinates"":[]}"
2_12_0,0.25583655,1,0.07428924,0.10504527,0.07684249999999998,0.0929025,0.126425,0.14889249999999998,0.18384499999999998,0.18761250000000002,"{""type"":""MultiPoint"",""coordinates"":[]}"
2_13_0,0.23160067,1,0.057201486,0.09439128,0.09777000000000002,0.11652499999999999,0.15871000000000002,0.18772250000000001,0.22685500000000003,0.22823,"{""type"":""MultiPoint"",""coordinates"":[]}"
2_14_0,0.24956745,1,0.06016195,0.10359687,0.08083000000000001,0.097495,0.134455,0.16121249999999998,0.198475,0.19649500000000003,"{""type"":""MultiPoint"",""coordinates"":[]}"
2_15_0,0.26796082,1,0.07089181,0.10352302,0.072745,0.09169250000000001,0.12279499999999999,0.14991,0.1845325,0.189015,"{""type"":""MultiPoint"",""coordinates"":[]}"
2_16_0,0.2281142,1,0.054638106,0.08662092,0.07005,0.08806249999999999,0.1222725,0.1465825,0.174385,0.17631000000000002,"{""type"":""MultiPoint"",""coordinates"":[]}"
2_17_0,0.2658591,1,0.06934255,0.11414426,0.085285,0.10515374999999999,0.14265,0.170205,0.21406750000000002,0.230045,"{""type"":""MultiPoint"",""coordinates"":[]}"
2_18_0,0.24555272,1,0.06383287,0.101859875,0.08445999999999998,0.10428749999999998,0.144355,0.17094749999999997,0.20972249999999998,0.21678999999999998,"{""type"":""MultiPoint"",""coordinates"":[]}"
2_19_0,0.23845029,1,0.042352647,0.11103537,0.07337749999999998,0.09337000000000001,0.128185,0.15323750000000003,0.1915175,0.18799749999999998,"{""type"":""MultiPoint"",""coordinates"":[]}"
2_20_0,0.24147086,1,0.05186437,0.09616515,0.07390000000000002,0.09105999999999997,0.126425,0.15378750000000002,0.18651250000000003,0.18379,"{""type"":""MultiPoint"",""coordinates"":[]}"
2_21_0,0.24088532,1,0.072709315,0.07752976,0.07538499999999998,0.09491,0.12956,0.15672999999999998,0.183075,0.19030750000000002,"{""type"":""MultiPoint"",""coordinates"":[]}"
2_22_0,0.2730065,1,0.071908444,0.11435115,0.07005,0.08710000000000001,0.11834,0.14259500000000003,0.1794175,0.18260749999999998,"{""type"":""MultiPoint"",""coordinates"":[]}"
2_23_0,0.23005255,1,0.051165648,0.101100646,0.06834499999999999,0.08679749999999997,0.11776249999999999,0.138635,0.16982000000000003,0.1695175,"{""type"":""MultiPoint"",""coordinates"":[]}"
2_24_0,0.23925775,1,0.044193864,0.10763477,0.06672250000000002,0.08701750000000003,0.11965999999999999,0.14375,0.17842750000000002,0.17554000000000003,"{""type"":""MultiPoint"",""coordinates"":[]}"
2_25_0,0.3472095,1,-0.0415069,0.32548928,0.0599575,0.07714500000000002,0.11415999999999998,0.13027499999999997,0.256005,0.17196499999999998,"{""type"":""MultiPoint"",""coordinates"":[]}"
2_26_0,0.24642196,1,0.06239226,0.10517734,0.06560875,0.08116000000000001,0.11550749999999999,0.1365175,0.16860999999999998,0.17070000000000002,"{""type"":""MultiPoint"",""coordinates"":[]}"
2_27_0,0.26423755,1,0.05997324,0.1183227,0.07798375000000002,0.09482750000000001,0.13082500000000002,0.15716999999999998,0.199355,0.20389249999999998,"{""type"":""MultiPoint"",""coordinates"":[]}"
2_28_0,0.2610429,1,0.021076415,0.17393596,0.06529249999999998,0.078795,0.10890749999999999,0.12538,0.17818,0.16008499999999998,"{""type"":""MultiPoint"",""coordinates"":[]}"
2_29_0,0.2882997,1,0.054611444,0.16121963,0.07703500000000002,0.09147250000000001,0.11998999999999999,0.1406425,0.19470749999999998,0.19039,"{""type"":""MultiPoint"",""coordinates"":[]}"
2_30_0,0.22520249,1,0.029633775,0.1033651,0.073185,0.0924625,0.1250775,0.1514775,0.18640250000000003,0.18291000000000002,"{""type"":""MultiPoint"",""coordinates"":[]}"
2_31_0,0.2542341,1,0.03899291,0.13975298,0.06661250000000002,0.0840475,0.11894500000000002,0.1396525,0.1850275,0.1740275,"{""type"":""MultiPoint"",""coordinates"":[]}"
2_32_0,0.2454205,1,0.08535579,0.08241341,0.07522000000000001,0.09265499999999999,0.12945,0.1526325,0.18005,0.19806250000000003,"{""type"":""MultiPoint"",""coordinates"":[]}"
2_33_0,0.24358436,1,0.060424224,0.110307544,0.0628725,0.08000499999999999,0.1080275,0.126095,0.15736250000000002,0.15560249999999998,"{""type"":""MultiPoint"",""coordinates"":[]}"
2_34_0,0.24243097,1,0.05543814,0.10585781,0.06958249999999999,0.08949249999999997,0.12370249999999999,0.1468025,0.18156250000000002,0.1842025,"{""type"":""MultiPoint"",""coordinates"":[]}"
2_35_0,0.21540792,1,0.055476863,0.0802934,0.06140125000000002,0.0771175,0.10943000000000003,0.12914750000000003,0.15169749999999999,0.14749,"{""type"":""MultiPoint"",""coordinates"":[]}"
2_36_0,0.23726948,1,0.06336957,0.09068465,0.07164500000000001,0.091225,0.1298625,0.15469500000000003,0.18555,0.18876749999999998,"{""type"":""MultiPoint"",""coordinates"":[]}"
2_37_0,0.252183,1,-0.012269192,0.20353214,0.08228750000000001,0.1015375,0.1394875,0.15840749999999998,0.2393675,0.20062000000000002,"{""type"":""MultiPoint"",""coordinates"":[]}"
2_38_0,0.26251104,1,0.047465015,0.15079074,0.06961,0.08776,0.12106250000000002,0.139075,0.188465,0.17999500000000002,"{""type"":""MultiPoint"",""coordinates"":[]}"
2_39_0,0.24264467,1,0.054470785,0.104936644,0.06958249999999999,0.0894375,0.1283225,0.152935,0.188795,0.1818925,"{""type"":""MultiPoint"",""coordinates"":[]}"
2_40_0,0.18790309,1,0.03372882,0.09564958,0.08324999999999999,0.10181249999999997,0.1477925,0.16679500000000003,0.20207750000000002,0.20304,"{""type"":""MultiPoint"",""coordinates"":[]}"
2_41_0,0.23554358,1,0.027566874,0.13389371,0.07348749999999998,0.09394750000000002,0.1284325,0.1500475,0.19644,0.181755,"{""type"":""MultiPoint"",""coordinates"":[]}"
2_42_0,0.2544204,1,0.0,0.16529378,0.07450499999999999,0.09207749999999998,0.12318000000000001,0.1484525,0.20724750000000003,0.17999500000000002,"{""type"":""MultiPoint"",""coordinates"":[]}"
2_43_0,0.2185936,1,0.047189448,0.08537107,0.09383750000000002,0.11262,0.15202749999999998,0.1817825,0.2157175,0.22000750000000002,"{""type"":""MultiPoint"",""coordinates"":[]}"
2_44_0,0.26473123,1,0.056389138,0.1409618,0.0651275,0.08099499999999998,0.10662500000000003,0.12334499999999998,0.163825,0.1626975,"{""type"":""MultiPoint"",""coordinates"":[]}"
2_45_0,0.2754552,1,0.044554777,0.14242193,0.08066499999999999,0.097605,0.1362425,0.16467749999999998,0.219375,0.21610250000000003,"{""type"":""MultiPoint"",""coordinates"":[]}"
2_46_0,0.25990966,1,0.07236796,0.09633351,0.07645750000000001,0.0921325,0.12411499999999998,0.15065250000000002,0.1827725,0.18962,"{""type"":""MultiPoint"",""coordinates"":[]}"
2_47_0,0.23479967,1,0.063013144,0.09730894,0.07082,0.08635749999999998,0.11413250000000003,0.13354749999999999,0.16233999999999998,0.16726249999999998,"{""type"":""MultiPoint"",""coordinates"":[]}"
2_48_0,0.24078771,1,0.0689653,0.08995758,0.078905,0.09180250000000001,0.13132,0.15607,0.186925,0.19424000000000002,"{""type"":""MultiPoint"",""coordinates"":[]}"
2_49_0,0.27153426,1,0.06851922,0.12349507,0.08006000000000002,0.09400249999999999,0.12947750000000002,0.15370499999999998,0.1970175,0.19952000000000003,"{""type"":""MultiPoint"",""coordinates"":[]}"
2_50_0,0.29931572,1,0.041844632,0.19143815,0.0961475,0.12290499999999999,0.14732499999999998,0.17050749999999998,0.2512475,0.24544500000000002,"{""type"":""MultiPoint"",""coordinates"":[]}"
2_51_0,0.24847054,1,0.073914826,0.08801614,0.073185,0.09045500000000001,0.12422499999999997,0.1491675,0.17796,0.18461500000000003,"{""type"":""MultiPoint"",""coordinates"":[]}"
2_52_0,0.23181787,1,0.056890514,0.094274595,0.07357000000000002,0.090565,0.12425249999999999,0.14716,0.17779499999999998,0.181865,"{""type"":""MultiPoint"",""coordinates"":[]}"
2_53_0,0.22806528,1,0.057322413,0.09077391,0.06743749999999998,0.08445999999999998,0.1176525,0.13910250000000002,0.1668775,0.17246,"{""type"":""MultiPoint"",""coordinates"":[]}"
2_54_0,0.21533827,1,0.014318417,0.121683545,0.07678750000000001,0.09359,0.1276625,0.15045999999999998,0.19215,0.175705,"{""type"":""MultiPoint"",""coordinates"":[]}"
2_55_0,0.22760326,1,0.022014128,0.10860147,0.08044499999999999,0.09422249999999999,0.12892750000000003,0.157665,0.1960825,0.18951,"{""type"":""MultiPoint"",""coordinates"":[]}"
2_56_0,0.2620366,1,-0.03209067,0.23097593,0.06328499999999998,0.07871250000000002,0.11179499999999998,0.12735999999999997,0.20386500000000002,0.16143249999999998,"{""type"":""MultiPoint"",""coordinates"":[]}"
2_57_0,0.24780612,1,0.06500862,0.09441153,0.06994,0.08745750000000002,0.1173225,0.14138499999999998,0.170865,0.1785925,"{""type"":""MultiPoint"",""coordinates"":[]}"
2_58_0,0.27711418,1,-0.019122966,0.22651026,0.06721749999999999,0.08478999999999998,0.11377500000000002,0.13170500000000002,0.2088425,0.183075,"{""type"":""MultiPoint"",""coordinates"":[]}"
2_59_0,0.2594585,1,0.05833116,0.1083728,0.07511000000000001,0.09072999999999998,0.12527,0.152495,0.18956499999999998,0.19099500000000003,"{""type"":""MultiPoint"",""coordinates"":[]}"
2_60_0,0.29553935,1,0.014697663,0.19587016,0.07846500000000001,0.09389249999999999,0.12956,0.15557500000000002,0.231365,0.2091175,"{""type"":""MultiPoint"",""coordinates"":[]}"
2_61_0,0.3659575,1,-0.16666128,0.4884856,0.045355000000000006,0.05456749999999999,0.08973999999999999,0.0930125,0.27066250000000003,0.1320075,"{""type"":""MultiPoint"",""coordinates"":[]}"
2_62_0,0.3143887,1,-0.20168924,0.4573308,0.04345750000000001,0.05280750000000001,0.08368999999999999,0.08993250000000003,0.24151250000000002,0.109595,"{""type"":""MultiPoint"",""coordinates"":[]}"
2_63_0,0.33485836,1,-0.031647373,0.30646557,0.07032499999999997,0.08432250000000002,0.12285000000000001,0.13943250000000001,0.26266,0.19704500000000003,"{""type"":""MultiPoint"",""coordinates"":[]}"
2_64_0,0.33234775,1,-0.056832828,0.3263743,0.06185499999999999,0.073075,0.1072575,0.121805,0.23983500000000002,0.17246,"{""type"":""MultiPoint"",""coordinates"":[]}"
